{
  "posts": [
    {
      "thread": 1,
      "text": "Has anyone checked on the lich recently?",
      "user": 4
    },
    {
      "thread": 1,
      "text": "I'll stop by and see how he's doing tomorrow!",
      "user": 2
    },
    {
      "thread": 2,
      "text": "Come party with the candy people tomorrow!",
      "user": 3
    },
    {
      "thread": 2,
      "text": "Mathematical!",
      "user": 2
    },
    {
      "thread": 2,
      "text": "I'll bring my guitar",
      "user": 1
    },
    {
      "thread": 3,
      "text": "I need a new guitar to play the most savory licks in Ooo",
      "user": 1
    }
  ]
}
