{
  "users": [
    {
      "id": 1,
      "username": "marceline",
      "name": "Marceline Abadeer",
      "bio": "1000-year-old vampire queen, musician",
      "email": "marceline@example.com"
    },
    {
      "id": 2,
      "username": "finn",
      "name": "Finn 'the Human' Mertens",
      "bio": "Adventurer and hero, last human, defender of good",
      "email": "finn@example.com"
    },
    {
      "id": 3,
      "username": "pb",
      "name": "Bonnibel Bubblegum",
      "bio": "Scientist, bearer of candy power, ruler of the Candy Kingdom",
      "email": "pb@example.com"
    },
    {
      "id": 4,
      "username": "jake",
      "name": "Jake the Dog",
      "bio": "Former criminal, now magical dog adventurer, and father",
      "email": "jake@example.com"
    }
  ],

  "threads": [
    {
      "id": 1,
      "title": "What's up with the Lich?",
      "createdBy": 4
    },
    {
      "id": 2,
      "title": "Party at the Candy Kingdom tomorrow",
      "createdBy": 3
    },
    {
      "id": 3,
      "title": "In search of a new guitar",
      "createdBy": 1
    }
  ],

  "posts": [
    {
      "id": 1,
      "thread": 1,
      "text": "Has anyone checked on the lich recently?",
      "user": 4,
      "timestamp": "2024-03-10T08:30:00Z"
    },
    {
      "id": 2,
      "thread": 1,
      "text": "I'll stop by and see how he's doing tomorrow!",
      "user": 2,
      "timestamp": "2024-03-10T09:15:00Z"
    },
    {
      "id": 3,
      "thread": 2,
      "text": "Come party with the Candy People tomorrow!",
      "user": 3,
      "timestamp": "2024-03-10T14:45:00Z"
    },
    {
      "id": 4,
      "thread": 2,
      "text": "Mathematical!",
      "user": 2,
      "timestamp": "2024-03-10T14:50:00Z"
    },
    {
      "id": 5,
      "thread": 2,
      "text": "I'll bring my guitar",
      "user": 1,
      "timestamp": "2024-03-10T14:55:00Z"
    },
    {
      "id": 6,
      "thread": 3,
      "text": "I need a new guitar to play the most savory licks in Ooo",
      "user": 1,
      "timestamp": "2024-03-10T17:30:00Z"
    },
    {
      "id": 7,
      "thread": 1,
      "text": "Let's train to fight the Lich again!",
      "user": 2,
      "timestamp": "2024-03-10T18:00:00Z"
    },
    {
      "id": 8,
      "thread": 2,
      "text": "Bring lots of candy!",
      "user": 3,
      "timestamp": "2024-03-10T19:45:00Z"
    },
    {
      "id": 9,
      "thread": 3,
      "text": "I found the perfect guitar!",
      "user": 1,
      "timestamp": "2024-03-10T21:10:00Z"
    }
  ],

  "notifications": [
    {
      "id": 1,
      "to": "marceline@example.com",
      "subject": "New Post Alert",
      "text": "A new post has been added to your thread.",
      "status": "sent",
      "timestamp": "2024-03-10T12:00:00Z"
    },
    {
      "id": 2,
      "to": "finn@example.com",
      "subject": "Welcome to the Forum",
      "text": "Thank you for joining the Adventure Time forum!",
      "status": "sent",
      "timestamp": "2024-03-10T12:05:00Z"
    },
    {
      "id": 3,
      "to": "pb@example.com",
      "subject": "System Update",
      "text": "A new feature has been added to the forum.",
      "status": "pending",
      "timestamp": "2024-03-10T13:15:00Z"
    }
  ]
}
